freq_hz,amp_in,phase_in_deg,samples_per_period,amp_out_fraction,phase_out_deg,phase_error_deg
1000,1.0,0.0,1000,0.9998,0.19,0.19
1000,1.0,30.0,1000,0.9997,30.19,0.19
1000,1.0,45.0,1000,0.9998,45.19,0.19
1000,1.0,135.0,1000,0.9998,135.19,0.19
1000,1.0,-135.0,1000,0.9998,-134.81,0.19
1000,1.0,-45.0,1000,0.9998,-44.81,0.19
1000,0.5,45.0,1000,0.9997,45.19,0.19
1000,0.1,-45.0,1000,0.9998,-44.81,0.19
2000,1.0,0.0,500,0.9997,0.2,0.2
2000,1.0,30.0,500,0.9997,30.2,0.2
2000,1.0,45.0,500,0.9997,45.21,0.21
2500,1.0,0.0,400,0.9998,0.21,0.21
2500,1.0,30.0,400,0.9997,30.22,0.22
2500,1.0,45.0,400,0.9998,45.21,0.21
4000,1.0,0.0,250,0.9998,0.23,0.23
4000,1.0,30.0,250,0.9997,30.23,0.23
4000,1.0,45.0,250,0.9997,45.23,0.23
5000,1.0,0.0,200,0.9998,0.25,0.25
5000,1.0,30.0,200,0.9998,30.25,0.25
5000,1.0,45.0,200,0.9998,45.25,0.25
8000,1.0,0.0,125,0.9998,0.29,0.29
8000,1.0,30.0,125,0.9998,30.29,0.29
8000,1.0,45.0,125,0.9998,45.29,0.29
10000,1.0,0.0,100,0.9998,0.33,0.33
10000,1.0,30.0,100,0.9998,30.33,0.33
10000,1.0,45.0,100,0.9998,45.32,0.32
10000,1.0,135.0,100,0.9999,135.32,0.32
1000,0.0,0.0,1000,0.0,,
