freq_hz,amp,phase_deg,rtl_mag,rtl_phase_raw
1000,1.0000,0.00,3368361,2273523
1000,1.0000,30.00,3368273,360183377
1000,1.0000,45.00,3368348,539139519
1000,1.0000,135.00,3368348,1612890469
1000,1.0000,-135.00,3368350,-1608344129
1000,1.0000,-45.00,3368337,-534593183
1000,0.5000,45.00,1684139,539142123
1000,0.1000,-45.00,336832,-534577533
2000,1.0000,0.00,1684139,2444321
2000,1.0000,30.00,1684137,360351567
2000,1.0000,45.00,1684146,539318135
2500,1.0000,0.00,1347349,2559057
2500,1.0000,30.00,1347290,360494989
2500,1.0000,45.00,1347349,539430263
4000,1.0000,0.00,842123,2778097
4000,1.0000,30.00,842039,360700983
4000,1.0000,45.00,842018,539649299
5000,1.0000,0.00,673685,2971061
5000,1.0000,30.00,673702,360893949
5000,1.0000,45.00,673674,539844871
8000,1.0000,0.00,421065,3471719
8000,1.0000,30.00,421053,361360683
8000,1.0000,45.00,421041,540306413
10000,1.0000,0.00,336858,3904579
10000,1.0000,30.00,336843,361840481
10000,1.0000,45.00,336856,540744487
10000,1.0000,135.00,336867,1614486315
1000,0.0000,0.00,0,1191650193
